INSERT INTO Member(member_id,name,password,ssn,regdate,phone,email,profile)
VALUES('','','1','',now(),'010-1234-5678','@test.com','.jpg');
--Member 테이블 더미 데이터
INSERT INTO Member(member_id,name,password,ssn,regdate,phone,email,profile)
VALUES('navas','나바스','1','861215-1234567',now(),'010-1234-5678','navas@test.com','navas.jpg');
INSERT INTO Member(member_id,name,password,ssn,regdate,phone,email,profile)
VALUES('navas2','나바스','1','830406-1357901',now(),'010-1234-5678','navas2@test.com','navas2.jpg');
INSERT INTO Member(member_id,name,password,ssn,regdate,phone,email,profile)
VALUES('carvajal','카르바할','1','920111-1234567',now(),'010-1234-5678','carvajal@test.com','carvajal.jpg');
INSERT INTO Member(member_id,name,password,ssn,regdate,phone,email,profile)
VALUES('vallejo','바예호','1','970105-1234567',now(),'010-1234-5678','vallejo@test.com','vallejo.jpg');
INSERT INTO Member(member_id,name,password,ssn,regdate,phone,email,profile)
VALUES('ramos','라모스','1','860330-1234567',now(),'010-2345-6789','ramos@test.com','ramos.jpg');
INSERT INTO Member(member_id,name,password,ssn,regdate,phone,email,profile)
VALUES('varane','바란','1','930425-1234567',now(),'010-1234-5678','varane@test.com','varane.jpg');
INSERT INTO Member(member_id,name,password,ssn,regdate,phone,email,profile)
VALUES('nacho','나초','1','900118-1234567',now(),'010-1234-5678','nacho@test.com','nacho.jpg');
INSERT INTO Member(member_id,name,password,ssn,regdate,phone,email,profile)
VALUES('ronaldo','호날두','1','850205-1234567',now(),'010-3456-7890','ronaldo@test.com','ronaldo.jpg');
INSERT INTO Member(member_id,name,password,ssn,regdate,phone,email,profile)
VALUES('kroos','크로스','1','900104-1234567',now(),'010-1234-5678','kroos@test.com','kroos.jpg');
INSERT INTO Member(member_id,name,password,ssn,regdate,phone,email,profile)
VALUES('benzema','벤제마','1','871219-1234567',now(),'010-1234-5678','benzema@test.com','benzema.jpg');
INSERT INTO Member(member_id,name,password,ssn,regdate,phone,email,profile)
VALUES('modric','모드리치','1','850909-1234567',now(),'010-1234-5678','modric@test.com','modric.jpg');
INSERT INTO Member(member_id,name,password,ssn,regdate,phone,email,profile)
VALUES('bale','베일','1','890716-1234567',now(),'010-1234-5678','bale@test.com','bale.jpg');
INSERT INTO Member(member_id,name,password,ssn,regdate,phone,email,profile)
VALUES('marcelo','마르셀루','1','880512-1234567',now(),'010-1234-5678','marcelo@test.com','marcelo.jpg');
INSERT INTO Member(member_id,name,password,ssn,regdate,phone,email,profile)
VALUES('casilla','카시야','1','861002-1234567',now(),'010-1234-5678','casilla@test.com','casilla.jpg');
INSERT INTO Member(member_id,name,password,ssn,regdate,phone,email,profile)
VALUES('asensio','아센시오','1','960121-1234567',now(),'010-1234-5678','asensio@test.com','asensio.jpg');
INSERT INTO Member(member_id,name,password,ssn,regdate,phone,email,profile)
VALUES('isco','이스코','1','920421-1234567',now(),'010-1234-5678','isco@test.com','isco.jpg');
INSERT INTO Member(member_id,name,password,ssn,regdate,phone,email,profile)
VALUES('llorente','요렌테','1','950130-1234567',now(),'010-1234-5678','llorente@test.com','llorente.jpg');
INSERT INTO Member(member_id,name,password,ssn,regdate,phone,email,profile)
VALUES('semedo','세메두','1','931116-1234567',now(),'010-1234-5678','semedo@test.com','semedo.jpg');
INSERT INTO Member(member_id,name,password,ssn,regdate,phone,email,profile)
VALUES('pique','피케','1','870202-1234567',now(),'010-1234-5678','pique@test.com','pique.jpg');
INSERT INTO Member(member_id,name,password,ssn,regdate,phone,email,profile)
VALUES('rakitic','라키티치','1','880310-1234567',now(),'010-1234-5678','rakitic@test.com','rakitic.jpg');
INSERT INTO Member(member_id,name,password,ssn,regdate,phone,email,profile)
VALUES('busquets','부스케츠','1','880716-1234567',now(),'010-1234-5678','busquets@test.com','busquets.jpg');
INSERT INTO Member(member_id,name,password,ssn,regdate,phone,email,profile)
VALUES('suarez','수아레스','1','870124-1234567',now(),'010-1234-5678','suarez@test.com','suarez.jpg');
INSERT INTO Member(member_id,name,password,ssn,regdate,phone,email,profile)
VALUES('messi','메시','1','870624-1234567',now(),'010-1234-5678','messi@test.com','messi.jpg');
INSERT INTO Member(member_id,name,password,ssn,regdate,phone,email,profile)
VALUES('dembele','뎀벨레','1','970515-1234567',now(),'010-1234-5678','dembele@test.com','dembele.jpg');
INSERT INTO Member(member_id,name,password,ssn,regdate,phone,email,profile)
VALUES('rafinha','하피냐','1','930212-1234567',now(),'010-1234-5678','rafinha@test.com','rafinha.jpg');
INSERT INTO Member(member_id,name,password,ssn,regdate,phone,email,profile)
VALUES('paulinho','파울리뉴','1','880725-1234567',now(),'010-1234-5678','paulinho@test.com','paulinho.jpg');
INSERT INTO Member(member_id,name,password,ssn,regdate,phone,email,profile)
VALUES('alcacer','알카세르','1','930830-1234567',now(),'010-1234-5678','alcacer@test.com','alcacer.jpg');
INSERT INTO Member(member_id,name,password,ssn,regdate,phone,email,profile)
VALUES('alba','알바','1','890321-1234567',now(),'010-1234-5678','alba@test.com','alba.jpg');
INSERT INTO Member(member_id,name,password,ssn,regdate,phone,email,profile)
VALUES('digne','디뉴','1','930720-1234567',now(),'010-1234-5678','digne@test.com','digne.jpg');
INSERT INTO Member(member_id,name,password,ssn,regdate,phone,email,profile)
VALUES('vidal','비달','1','890821-1234567',now(),'010-1234-5678','vidal@test.com','vidal.jpg');
INSERT INTO Member(member_id,name,password,ssn,regdate,phone,email,profile)
VALUES('umtiti','움티티','1','931114-1234567',now(),'010-1234-5678','umtiti@test.com','umtiti.jpg');
INSERT INTO Member(member_id,name,password,ssn,regdate,phone,email,profile)
VALUES('acosta','아코스타','1','910311-2345678',now(),'010-1234-5678','acosta@test.com','acosta.jpg');
INSERT INTO Member(member_id,name,password,ssn,regdate,phone,email,profile)
VALUES('nizetich','니세티치','1','890127-2345678',now(),'010-1234-5678','nizetich@test.com','nizetich.jpg');
INSERT INTO Member(member_id,name,password,ssn,regdate,phone,email,profile)
VALUES('lucia','루시아','1','910514-2345678',now(),'010-1234-5678','lucia@test.com','lucia.jpg');
INSERT INTO Member(member_id,name,password,ssn,regdate,phone,email,profile)
VALUES('sosa','소사','1','870911-2345678',now(),'010-1234-5678','sosa@test.com','sosa.jpg');
INSERT INTO Member(member_id,name,password,ssn,regdate,phone,email,profile)
VALUES('lazcano','라스카노','1','890725-2345678',now(),'010-1234-5678','lazcano@test.com','lazcano.jpg');
INSERT INTO Member(member_id,name,password,ssn,regdate,phone,email,profile)
VALUES('fernandez','페르난데스','1','910817-2345678',now(),'010-1234-5678','fernandez@test.com','fernandez.jpg');
INSERT INTO Member(member_id,name,password,ssn,regdate,phone,email,profile)
VALUES('martinez','마르티네스','1','930219-2345678',now(),'010-1234-5678','martinez@test.com','martinez.jpg');
INSERT INTO Member(member_id,name,password,ssn,regdate,phone,email,profile)
VALUES('glass','글래스','1','880405-2345678',now(),'010-1234-5678','glass@test.com','glass.jpg');
INSERT INTO Member(member_id,name,password,ssn,regdate,phone,email,profile)
VALUES('banwarth','밴워스','1','890121-2345678',now(),'010-1234-5678','banwarth@test.com','banwarth.jpg');
INSERT INTO Member(member_id,name,password,ssn,regdate,phone,email,profile)
VALUES('lloyd','로이드','1','890806-2345678',now(),'010-1234-5678','lloyd@test.com','lloyd.jpg');
INSERT INTO Member(member_id,name,password,ssn,regdate,phone,email,profile)
VALUES('larson','라슨','1','861016-2345678',now(),'010-1234-5678','larson@test.com','larson.jpg');
INSERT INTO Member(member_id,name,password,ssn,regdate,phone,email,profile)
VALUES('murphy','머피','1','891020-2345678',now(),'010-1234-5678','murphy@test.com','murphy.jpg');
INSERT INTO Member(member_id,name,password,ssn,regdate,phone,email,profile)
VALUES('hill','힐','1','891130-2345678',now(),'010-1234-5678','hill@test.com','hill.jpg');
INSERT INTO Member(member_id,name,password,ssn,regdate,phone,email,profile)
VALUES('robinson','로빈슨','1','920625-2345678',now(),'010-1234-5678','robinson@test.com','robinson.jpg');
INSERT INTO Member(member_id,name,password,ssn,regdate,phone,email,profile)
VALUES('mbeza','음베자','1','920825-2345678',now(),'010-1234-5678','mbeza@test.com','mbeza.jpg');
INSERT INTO Member(member_id,name,password,ssn,regdate,phone,email,profile)
VALUES('zessi','제시','1','970408-2345678',now(),'010-1234-5678','zessi@test.com','zessi.jpg');
INSERT INTO Member(member_id,name,password,ssn,regdate,phone,email,profile)
VALUES('bikatal','비카탈','1','920723-2345678',now(),'010-1234-5678','bikatal@test.com','bikatal.jpg');
INSERT INTO Member(member_id,name,password,ssn,regdate,phone,email,profile)
VALUES('nasser','나세르','1','940819-2345678',now(),'010-1234-5678','nasser@test.com','nasser.jpg');
INSERT INTO Member(member_id,name,password,ssn,regdate,phone,email,profile)
VALUES('plak','플락','1','951026-2345678',now(),'010-1234-5678','plak@test.com','plak.jpg');
INSERT INTO Member(member_id,name,password,ssn,regdate,phone,email,profile)
VALUES('belien','벨리언','1','931228-2345678',now(),'010-1234-5678','belien@test.com','belien.jpg');
INSERT INTO Member(member_id,name,password,ssn,regdate,phone,email,profile)
VALUES('gomes','고메스','1','937030-1234567',now(),'010-1234-5678','gomes@test.com','gomes.jpg');
INSERT INTO Member(member_id,name,password,ssn,regdate,phone,email,profile)
VALUES('Knight','나이트','1','911202-3456789',now(),'010-1234-5678','Knight@test.com','Knight.jpg');
--Prof 테이블 더미 데이터
INSERT INTO Prof(member_id,salary)
VALUES('bikatal','2000');
INSERT INTO Prof(member_id,salary)
VALUES('nasser','3000');
INSERT INTO Prof(member_id,salary)
VALUES('plak','4000');
INSERT INTO Prof(member_id,salary)
VALUES('belien','5000');
INSERT INTO Prof(member_id,salary)
VALUES('gomes','6000');
INSERT INTO Prof(member_id,salary)
VALUES('Knight','8000');
--Subject 테이블 더미 데이터
INSERT INTO Subject(subj_id,title,major_id)
VALUES('c','c언어','computer');
INSERT INTO Subject(subj_id,title,major_id)
VALUES('java','자바','computer');
INSERT INTO Subject(subj_id,title,major_id)
VALUES('python','파이썬','computer');
INSERT INTO Subject(subj_id,title,major_id)
VALUES('genetics ','유전학','biology');
INSERT INTO Subject(subj_id,title,major_id)
VALUES('ecology','생태학','biology');
INSERT INTO Subject(subj_id,title,major_id)
VALUES('mechanics','역학','physics');
INSERT INTO Subject(subj_id,title,major_id)
VALUES('optics','광학','physics');
--Board 테이블 더미 데이터
INSERT INTO Board(id,title,content,hitcount,regdate)
VALUES('ronaldo','대중을 있는','주는 얼마나 크고 품에 대중을 있는',0,now());
INSERT INTO Board(id,title,content,hitcount,regdate)
VALUES('ronaldo','무엇을 든 이성은','품었기 할지라도',0,now());
INSERT INTO Board(id,title,content,hitcount,regdate)
VALUES('ronaldo','소금이라','무한한 그들을 튼튼하며',0,now());
INSERT INTO Board(id,title,content,hitcount,regdate)
VALUES('ramos','보라','인간에 지혜는 옷을 평화스러운 것이다',0,now());
INSERT INTO Board(id,title,content,hitcount,regdate)
VALUES('ramos','전인 것은','긴지라 열락의 이것이다',0,now());
INSERT INTO Board(id,title,content,hitcount,regdate)
VALUES('alba','고동을','바로 그들은 밥을 뛰노는 물방아 듣기만',0,now());
INSERT INTO Board(id,title,content,hitcount,regdate)
VALUES('alba','청춘','열락의 끓는다. 이상의 트고',0,now());
INSERT INTO Board(id,title,content,hitcount,regdate)
VALUES('alba','인간의 광야에서','봄바람이다. 돋고, 같은 트고, 끓는다.',0,now());
INSERT INTO Board(id,title,content,hitcount,regdate)
VALUES('vidal','피어나는','대한 이성은 얼마나 피고 아니한 교향악이다',0,now());
INSERT INTO Board(id,title,content,hitcount,regdate)
VALUES('vidal','위하여서','밝은 귀는 같이, 쓸쓸하랴?',0,now());
INSERT INTO Board(id,title,content,hitcount,regdate)
VALUES('vidal','할지라도 피고','무엇을 청춘은 이상은 말이다',0,now());
INSERT INTO Board(id,title,content,hitcount,regdate)
VALUES('nacho','아니더면','그들의 귀는 내려온 곳으로 든 이것이다',0,now());
INSERT INTO Board(id,title,content,hitcount,regdate)
VALUES('nacho','심장의','피어나기 피가 위하여 풀이 이 힘있다',0,now());
INSERT INTO Board(id,title,content,hitcount,regdate)
VALUES('nacho','몸이 찾아','어디 천고에 얼마나 피고 끓는다',0,now());
INSERT INTO Board(id,title,content,hitcount,regdate)
VALUES('nacho','속에서 보내는','그들에게 인생을 자신과 얼마나 실로 위하여서 것이다',0,now());
INSERT INTO Board(id,title,content,hitcount,regdate)
VALUES('sosa','가진 방지하는','별과 쓸쓸한 말이다',0,now());
INSERT INTO Board(id,title,content,hitcount,regdate)
VALUES('dembele','그들은 하는','구하지 방황하여도',0,now());
INSERT INTO Board(id,title,content,hitcount,regdate)
VALUES('dembele','청춘에서만','역사를 사랑의 소리다',0,now());
INSERT INTO Board(id,title,content,hitcount,regdate)
VALUES('dembele','이것은 것이다','품고 그들의 되려니와, 그림자는 있을 풀밭에 뭇 칼이',0,now());
INSERT INTO Board(id,title,content,hitcount,regdate)
VALUES('dembele','옷을 눈이','구할 가슴에 밝은 것이다',0,now());
INSERT INTO Board(id,title,content,hitcount,regdate)
VALUES('kroos','따뜻한 봄날의','위하여, 피다',0,now());
INSERT INTO Board(id,title,content,hitcount,regdate)
VALUES('bale','길을 자신과','옷을 행복스럽고 교향악이다',0,now());
INSERT INTO Board(id,title,content,hitcount,regdate)
VALUES('messi','설산에서','우리 열락의 가치를 전인 청춘의 찬미를 봄바람이다',0,now());
INSERT INTO Board(id,title,content,hitcount,regdate)
VALUES('varane','그들은 보이는','만물은 청춘의 풀이 있음으로써 내는 것이다',0,now());
INSERT INTO Board(id,title,content,hitcount,regdate)
VALUES('marcelo','아름답고','이 방황하여도, 스며들어 때까지 긴지라 눈이 있는 힘있다',0,now());
INSERT INTO Board(id,title,content,hitcount,regdate)
VALUES('glass','인도하겠다는','천지는 이는 것이다',0,now());
INSERT INTO Board(id,title,content,hitcount,regdate)
VALUES('glass','이상의','너의 방지하는 그들은 뼈 가치를 오직 주는 실로 것이다',0,now());
INSERT INTO Board(id,title,content,hitcount,regdate)
VALUES('lucia','그들은 우리','불어 피부가 위하여 우리 있다',0,now());
--Major 테이블 더미 데이터
INSERT INTO Major(major_id,title)
VALUES('computer','컴퓨터공학');
INSERT INTO Major(major_id,title)
VALUES('economics','경제학');
INSERT INTO Major(major_id,title)
VALUES('biology','생물학');
INSERT INTO Major(major_id,title)
VALUES('astronomy','천문학');
INSERT INTO Major(major_id,title)
VALUES('physics','물리학');
INSERT INTO Major(major_id,title)
VALUES('sociology','사회학');